x_grid,J,line_1_J,line_2_J,abs_J_difference,method
247.45454545454547,258.09090909090907,258.09090909090907,258.09090909090907,0.0,sign_change_interpolation
524.0,207.0,207.0,207.0,0.0,equal_J_tolerance
792.5714285714286,210.28571428571428,210.28571428571428,210.28571428571428,0.0,sign_change_interpolation
