,line_1,line_2,x_axis_J_x_0,y_axis_J_0_y
line_1,0.0,44.145156661124695,49.22812357136163,43.44105962328266
line_2,44.145156661124695,0.0,48.59036322682513,41.84541075973635
x_axis_J_x_0,49.22812357136163,48.59036322682514,0.0,33.89114237744203
y_axis_J_0_y,43.44105962328266,41.84541075973635,33.89114237744203,0.0
